[{"ID": 0, "Name": "Local", "Score": 22, "Round": 2, "Flag": 1, "Time": 23.95}, {"ID": 1, "Name": "XYY", "Score": 44, "Round": 3, "Flag": 2, "Time": 48.76}, {"ID": 2, "Name": "abc", "Score": 21, "Round": 2, "Flag": 1, "Time": 9.76}, {"ID": 3, "Name": "Zbj", "Score": 1, "Round": 1, "Flag": 0, "Time": 11.23}, {"ID": 4, "Name": "green", "Score": 22, "Round": 3, "Flag": 2, "Time": 22.91}, {"ID": 5, "Name": "123", "Score": 1, "Round": 1, "Flag": 0, "Time": 5.41}, {"ID": 6, "Name": "hello", "Score": 12, "Round": 2, "Flag": 1, "Time": 17.21}]